{
	"song": {
		"player1": "bf",
		"player2": "dad",
		"notes": [
			{
				"lengthInSteps": 16,
				"sectionNotes": [
					[
						0,
						2,
						0
					],
					[
						97.40259740259742,
						1,
						0
					],
					[
						292.20779220779224,
						0,
						0
					],
					[
						487.0129870129871,
						1,
						0
					],
					[
						681.8181818181819,
						3,
						97.40259740259742
					],
					[
						876.6233766233768,
						0,
						0
					],
					[
						974.0259740259742,
						1,
						0
					],
					[
						1168.831168831169,
						3,
						0
					],
					[
						1363.6363636363637,
						2,
						0
					]
				],
				"mustHitSection": false
			},
			{
				"lengthInSteps": 16,
				"sectionNotes": [
					[
						1558.4415584415585,
						5,
						0
					],
					[
						1655.844155844156,
						4,
						0
					],
					[
						1850.6493506493507,
						5,
						0
					],
					[
						2045.4545454545455,
						7,
						0
					],
					[
						2240.2597402597403,
						4,
						97.40259740259741
					],
					[
						2435.0649350649355,
						5,
						0
					],
					[
						2532.4675324675327,
						6,
						0
					],
					[
						2727.2727272727275,
						4,
						0
					],
					[
						2922.0779220779223,
						6,
						0
					]
				],
				"mustHitSection": true
			},
			{
				"lengthInSteps": 16,
				"sectionNotes": [
					[
						3116.883116883117,
						3,
						0
					],
					[
						3214.2857142857147,
						0,
						0
					],
					[
						3409.0909090909095,
						1,
						0
					],
					[
						3603.8961038961043,
						0,
						0
					],
					[
						3798.701298701299,
						2,
						97.40259740259741
					],
					[
						3993.506493506494,
						3,
						0
					],
					[
						4090.909090909091,
						2,
						0
					],
					[
						4188.311688311689,
						0,
						0
					],
					[
						4285.714285714286,
						2,
						0
					],
					[
						4383.116883116883,
						1,
						0
					],
					[
						4480.519480519481,
						2,
						0
					],
					[
						4577.922077922078,
						3,
						0
					]
				],
				"mustHitSection": false
			},
			{
				"lengthInSteps": 16,
				"sectionNotes": [
					[
						4675.324675324676,
						4,
						0
					],
					[
						4772.727272727273,
						7,
						0
					],
					[
						4967.532467532468,
						4,
						97.40259740259741
					],
					[
						6136.363636363637,
						7,
						0
					],
					[
						6038.96103896104,
						5,
						0
					],
					[
						5941.558441558442,
						4,
						0
					],
					[
						5746.753246753247,
						6,
						97.40259740259741
					],
					[
						5551.948051948053,
						4,
						0
					],
					[
						5454.545454545455,
						7,
						0
					],
					[
						5357.142857142858,
						6,
						0
					],
					[
						5259.740259740261,
						5,
						0
					],
					[
						5162.337662337663,
						6,
						0
					]
				],
				"mustHitSection": true
			},
			{
				"lengthInSteps": 16,
				"sectionNotes": [
					[
						6233.766233766234,
						6,
						0
					],
					[
						6331.168831168831,
						5,
						0
					],
					[
						6525.9740259740265,
						4,
						0
					],
					[
						6720.779220779221,
						5,
						0
					],
					[
						6915.584415584416,
						7,
						97.40259740259742
					],
					[
						7110.389610389611,
						4,
						0
					],
					[
						7207.7922077922085,
						5,
						0
					],
					[
						7402.597402597403,
						7,
						0
					],
					[
						7597.402597402598,
						6,
						0
					]
				],
				"mustHitSection": false
			},
			{
				"lengthInSteps": 16,
				"sectionNotes": [
					[
						7792.207792207792,
						1,
						0
					],
					[
						7889.6103896103905,
						0,
						0
					],
					[
						8084.415584415585,
						1,
						0
					],
					[
						8279.22077922078,
						3,
						0
					],
					[
						8474.025974025975,
						0,
						97.40259740259741
					],
					[
						8668.83116883117,
						1,
						0
					],
					[
						8766.233766233767,
						2,
						0
					],
					[
						8961.038961038961,
						0,
						0
					],
					[
						9155.844155844155,
						2,
						0
					]
				],
				"mustHitSection": true
			},
			{
				"lengthInSteps": 16,
				"sectionNotes": [
					[
						9350.649350649352,
						7,
						0
					],
					[
						9448.051948051949,
						4,
						0
					],
					[
						9642.857142857143,
						5,
						0
					],
					[
						9837.66233766234,
						4,
						0
					],
					[
						10032.467532467534,
						6,
						97.40259740259741
					],
					[
						10227.272727272728,
						7,
						0
					],
					[
						10324.675324675325,
						6,
						0
					],
					[
						10422.077922077922,
						4,
						0
					],
					[
						10519.48051948052,
						6,
						0
					],
					[
						10616.883116883117,
						5,
						0
					],
					[
						10714.285714285714,
						6,
						0
					],
					[
						10811.688311688311,
						7,
						0
					]
				],
				"mustHitSection": false
			},
			{
				"lengthInSteps": 16,
				"sectionNotes": [
					[
						10909.09090909091,
						0,
						0
					],
					[
						11006.493506493507,
						3,
						0
					],
					[
						11201.298701298703,
						0,
						97.40259740259741
					],
					[
						12370.129870129871,
						3,
						0
					],
					[
						12272.727272727274,
						1,
						0
					],
					[
						12175.324675324675,
						0,
						0
					],
					[
						11980.51948051948,
						2,
						97.40259740259741
					],
					[
						11785.714285714286,
						0,
						0
					],
					[
						11688.311688311689,
						3,
						0
					],
					[
						11590.909090909092,
						2,
						0
					],
					[
						11493.506493506495,
						1,
						0
					],
					[
						11396.103896103898,
						2,
						0
					]
				],
				"mustHitSection": true
			},
			{
				"lengthInSteps": 16,
				"sectionNotes": [],
				"mustHitSection": false
			},
			{
				"lengthInSteps": 16,
				"sectionNotes": [],
				"mustHitSection": true
			},
			{
				"lengthInSteps": 16,
				"sectionNotes": [],
				"mustHitSection": false
			},
			{
				"lengthInSteps": 16,
				"sectionNotes": [],
				"mustHitSection": true
			},
			{
				"lengthInSteps": 16,
				"sectionNotes": [],
				"mustHitSection": false
			},
			{
				"lengthInSteps": 16,
				"sectionNotes": [],
				"mustHitSection": true
			},
			{
				"lengthInSteps": 16,
				"sectionNotes": [],
				"mustHitSection": false
			},
			{
				"lengthInSteps": 16,
				"sectionNotes": [],
				"mustHitSection": true
			},
			{
				"lengthInSteps": 16,
				"sectionNotes": [],
				"mustHitSection": false
			},
			{
				"lengthInSteps": 16,
				"sectionNotes": [],
				"mustHitSection": true
			},
			{
				"lengthInSteps": 16,
				"sectionNotes": [],
				"mustHitSection": false
			},
			{
				"lengthInSteps": 16,
				"sectionNotes": [],
				"mustHitSection": true
			},
			{
				"lengthInSteps": 16,
				"sectionNotes": [],
				"mustHitSection": false
			},
			{
				"lengthInSteps": 16,
				"sectionNotes": [],
				"mustHitSection": true
			},
			{
				"lengthInSteps": 16,
				"sectionNotes": [],
				"mustHitSection": false
			},
			{
				"lengthInSteps": 16,
				"sectionNotes": [],
				"mustHitSection": true
			},
			{
				"lengthInSteps": 16,
				"sectionNotes": [],
				"mustHitSection": false
			},
			{
				"lengthInSteps": 16,
				"sectionNotes": [],
				"mustHitSection": true
			},
			{
				"lengthInSteps": 16,
				"sectionNotes": [],
				"mustHitSection": false
			},
			{
				"lengthInSteps": 16,
				"sectionNotes": [],
				"mustHitSection": true
			},
			{
				"lengthInSteps": 16,
				"sectionNotes": [],
				"mustHitSection": false
			},
			{
				"lengthInSteps": 16,
				"sectionNotes": [],
				"mustHitSection": true
			},
			{
				"lengthInSteps": 16,
				"sectionNotes": [],
				"mustHitSection": false
			},
			{
				"lengthInSteps": 16,
				"sectionNotes": [],
				"mustHitSection": true
			},
			{
				"sectionNotes": [],
				"typeOfSection": 0,
				"lengthInSteps": 16,
				"altAnim": false,
				"mustHitSection": true,